{"cameraMode":{"drawMode":0,"name":"Shaded","section":"Shading Mode"},"sceneLighting":false,"audioPlay":false,"sceneViewState":{"showFog":true,"showMaterialUpdate":false,"showSkybox":false,"showFlares":true,"showImageEffects":true,"showParticleSystems":true},"in2DMode":false,"pivot":{"x":-11.390908241271973,"y":0.8579418063163757,"z":-1.6226038932800294},"rotation":{"x":-0.5579753518104553,"y":0.007223644759505987,"z":-0.00005264266292215325,"w":-0.8309719562530518},"size":4.376348495483398,"orthographic":false}