{"cameraMode":{"drawMode":0,"name":"Shaded","section":"Shading Mode"},"sceneLighting":false,"audioPlay":false,"sceneViewState":{"showFog":true,"showMaterialUpdate":false,"showSkybox":false,"showFlares":true,"showImageEffects":true,"showParticleSystems":true},"in2DMode":false,"pivot":{"x":-15.156999588012696,"y":1.2000000476837159,"z":-19.648000717163087},"rotation":{"x":-0.09342232346534729,"y":0.7868161797523499,"z":-0.11906993389129639,"w":-0.5996216535568237},"size":0.5085627436637878,"orthographic":false}