{"cameraMode":{"drawMode":0,"name":"Shaded","section":"Shading Mode"},"sceneLighting":false,"audioPlay":false,"sceneViewState":{"showFog":true,"showMaterialUpdate":false,"showSkybox":false,"showFlares":true,"showImageEffects":true,"showParticleSystems":true},"in2DMode":false,"pivot":{"x":-20.239999771118165,"y":0.5241513252258301,"z":-1.697894811630249},"rotation":{"x":-0.5579753518104553,"y":0.007223644759505987,"z":-0.00005264266292215325,"w":-0.8309719562530518},"size":5.05576753616333,"orthographic":false}